Family_ID,Family_Name,Size,Requested_Food,Date_Requested
FAM-001,Tan Family,4,White Rice (5kg),1/8/2026
FAM-002,Wong Family,5,Fresh Eggs (dozen),3/8/2026
FAM-003,Kumar Family,6,Canned Black Beans,4/8/2026
FAM-004,Chen Family,3,Whole Milk,5/8/2026
FAM-005,Lim Family,2,Peanut Butter,6/8/2026
FAM-006,Singh Family,7,Dried Pasta,7/8/2026
FAM-007,Ong Family,4,Chicken Breast,8/8/2026
FAM-008,Rahman Family,5,Canned Tuna,9/8/2026
FAM-009,Lee Family,3,Fresh Oranges,5/8/2026
FAM-010,Ali Family,7,Dried Pasta,10/8/2026
FAM-011,Ng Family,2,Greek Yogurt,15/8/2026
FAM-012,Yeo Family,4,Fresh Apples,11/8/2026
FAM-013,Hassan Family,6,Canned Corn,12/8/2026
FAM-014,Goh Family,3,Cooking Oil (1L),13/8/2026
FAM-015,Pereira Family,5,Whole Wheat Bread,14/8/2026